d_date,fajr_begins,fajr_jamah,sunrise,zuhr_begins,zuhr_jamah,asr_mithl_1,asr_mithl_2,asr_jamah,maghrib_begins,maghrib_jamah,isha_begins,isha_jamah,is_ramadan,hijri_date
2019-01-01,07:01:00,07:01:00,07:01:00,07:01:00,12:01:00,14:01:00,14:01:00,14:01:00,16:01:00,16:01:00,17:01:00,17:01:00,0,0:00:00
2019-01-02,07:01:00,07:01:00,07:01:00,07:01:00,12:01:00,14:01:00,14:01:00,14:01:00,16:01:00,16:01:00,17:01:00,17:01:00,0,0
2019-01-03,07:01:00,07:01:00,07:01:00,07:01:00,12:01:00,14:01:00,14:01:00,14:01:00,16:01:00,16:01:00,17:01:00,17:01:00,0,0
2019-01-04,07:01:00,07:01:00,07:01:00,07:01:00,12:01:00,14:01:00,14:01:00,14:01:00,16:01:00,16:01:00,17:01:00,17:01:00,0,0
2019-01-05,07:01:00,07:01:00,07:01:00,07:01:00,12:01:00,14:01:00,14:01:00,14:01:00,16:01:00,16:01:00,17:01:00,17:01:00,0,0
2019-01-06,07:01:00,07:01:00,07:01:00,07:01:00,12:01:00,14:01:00,14:01:00,14:01:00,16:01:00,16:01:00,17:01:00,17:01:00,0,0
2019-01-07,07:01:00,07:01:00,07:01:00,07:01:00,12:01:00,14:01:00,14:01:00,14:01:00,16:01:00,16:01:00,17:01:00,17:01:00,0,0
2019-01-08,07:01:00,07:01:00,07:01:00,07:01:00,12:01:00,14:01:00,14:01:00,14:01:00,16:01:00,16:01:00,17:01:00,17:01:00,0,0
2019-01-09,07:01:00,07:01:00,07:01:00,07:01:00,12:01:00,14:01:00,14:01:00,14:01:00,16:01:00,16:01:00,17:01:00,17:01:00,0,0
2019-01-10,07:01:00,07:01:00,07:01:00,07:01:00,12:01:00,14:01:00,14:01:00,14:01:00,16:01:00,16:01:00,17:01:00,17:01:00,0,0
2019-01-11,07:01:00,07:01:00,07:01:00,07:01:00,12:01:00,14:01:00,14:01:00,14:01:00,16:01:00,16:01:00,17:01:00,17:01:00,0,0
2019-01-12,07:01:00,07:01:00,07:01:00,07:01:00,12:01:00,14:01:00,14:01:00,14:01:00,16:01:00,16:01:00,17:01:00,17:01:00,0,0
2019-01-13,07:01:00,07:01:00,07:01:00,07:01:00,12:01:00,14:01:00,14:01:00,14:01:00,16:01:00,16:01:00,17:01:00,17:01:00,0,0
2019-01-14,07:01:00,07:01:00,07:01:00,07:01:00,12:01:00,14:01:00,14:01:00,14:01:00,16:01:00,16:01:00,17:01:00,17:01:00,0,0
2019-01-15,07:01:00,07:01:00,07:01:00,07:01:00,12:01:00,14:01:00,14:01:00,14:01:00,16:01:00,16:01:00,17:01:00,17:01:00,0,0
2019-01-16,07:01:00,07:01:00,07:01:00,07:01:00,12:01:00,14:01:00,14:01:00,14:01:00,16:01:00,16:01:00,17:01:00,17:01:00,0,0
2019-01-17,07:01:00,07:01:00,07:01:00,07:01:00,12:01:00,14:01:00,14:01:00,14:01:00,16:01:00,16:01:00,17:01:00,17:01:00,0,0
2019-01-18,07:01:00,07:01:00,07:01:00,07:01:00,12:01:00,14:01:00,14:01:00,14:01:00,16:01:00,16:01:00,17:01:00,17:01:00,0,0
2019-01-19,07:01:00,07:01:00,07:01:00,07:01:00,12:01:00,14:01:00,14:01:00,14:01:00,16:01:00,16:01:00,17:01:00,17:01:00,0,0
2019-01-20,07:01:00,07:01:00,07:01:00,07:01:00,12:01:00,14:01:00,14:01:00,14:01:00,16:01:00,16:01:00,17:01:00,17:01:00,0,0
2019-01-21,07:01:00,07:01:00,07:01:00,07:01:00,12:01:00,14:01:00,14:01:00,14:01:00,16:01:00,16:01:00,17:01:00,17:01:00,0,0
2019-01-22,07:01:00,07:01:00,07:01:00,07:01:00,12:01:00,14:01:00,14:01:00,14:01:00,16:01:00,16:01:00,17:01:00,17:01:00,0,0
2019-01-23,07:01:00,07:01:00,07:01:00,07:01:00,12:01:00,14:01:00,14:01:00,14:01:00,16:01:00,16:01:00,17:01:00,17:01:00,0,0
2019-01-24,07:01:00,07:01:00,07:01:00,07:01:00,12:01:00,14:01:00,14:01:00,14:01:00,16:01:00,16:01:00,17:01:00,17:01:00,0,0
2019-01-25,07:01:00,07:01:00,07:01:00,07:01:00,12:01:00,14:01:00,14:01:00,14:01:00,16:01:00,16:01:00,17:01:00,17:01:00,0,0
2019-01-26,07:01:00,07:01:00,07:01:00,07:01:00,12:01:00,14:01:00,14:01:00,14:01:00,16:01:00,16:01:00,17:01:00,17:01:00,0,0
2019-01-27,07:01:00,07:01:00,07:01:00,07:01:00,12:01:00,14:01:00,14:01:00,14:01:00,16:01:00,16:01:00,17:01:00,17:01:00,0,0
2019-01-28,07:01:00,07:01:00,07:01:00,07:01:00,12:01:00,14:01:00,14:01:00,14:01:00,16:01:00,16:01:00,17:01:00,17:01:00,0,0
2019-01-29,07:01:00,07:01:00,07:01:00,07:01:00,12:01:00,14:01:00,14:01:00,14:01:00,16:01:00,16:01:00,17:01:00,17:01:00,0,0
2019-01-30,07:01:00,07:01:00,07:01:00,07:01:00,12:01:00,14:01:00,14:01:00,14:01:00,16:01:00,16:01:00,17:01:00,17:01:00,0,0
2019-01-31,07:01:00,07:01:00,07:01:00,07:01:00,12:01:00,14:01:00,14:01:00,14:01:00,16:01:00,16:01:00,17:01:00,17:01:00,0,0
2019-02-01,07:01:00,07:01:00,07:01:00,07:01:00,12:01:00,14:01:00,14:01:00,14:01:00,16:01:00,16:01:00,17:01:00,17:01:00,0,0
2019-02-02,07:01:00,07:01:00,07:01:00,07:01:00,12:01:00,14:01:00,14:01:00,14:01:00,16:01:00,16:01:00,17:01:00,17:01:00,0,0
2019-02-03,07:01:00,07:01:00,07:01:00,07:01:00,12:01:00,14:01:00,14:01:00,14:01:00,16:01:00,16:01:00,17:01:00,17:01:00,0,0
2019-02-04,07:01:00,07:01:00,07:01:00,07:01:00,12:01:00,14:01:00,14:01:00,14:01:00,16:01:00,16:01:00,17:01:00,17:01:00,0,0
2019-02-05,07:01:00,07:01:00,07:01:00,07:01:00,12:01:00,14:01:00,14:01:00,14:01:00,16:01:00,16:01:00,17:01:00,17:01:00,0,0
2019-02-06,07:01:00,07:01:00,07:01:00,07:01:00,12:01:00,14:01:00,14:01:00,14:01:00,16:01:00,16:01:00,17:01:00,17:01:00,0,0
2019-02-07,07:01:00,07:01:00,07:01:00,07:01:00,12:01:00,14:01:00,14:01:00,14:01:00,16:01:00,16:01:00,17:01:00,17:01:00,0,0
2019-02-08,07:01:00,07:01:00,07:01:00,07:01:00,12:01:00,14:01:00,14:01:00,14:01:00,16:01:00,16:01:00,17:01:00,17:01:00,0,0
2019-02-09,07:01:00,07:01:00,07:01:00,07:01:00,12:01:00,14:01:00,14:01:00,14:01:00,16:01:00,16:01:00,17:01:00,17:01:00,0,0
2019-02-10,07:01:00,07:01:00,07:01:00,07:01:00,12:01:00,14:01:00,14:01:00,14:01:00,16:01:00,16:01:00,17:01:00,17:01:00,0,0
2019-02-11,07:01:00,07:01:00,07:01:00,07:01:00,12:01:00,14:01:00,14:01:00,14:01:00,16:01:00,16:01:00,17:01:00,17:01:00,0,0
2019-02-12,07:01:00,07:01:00,07:01:00,07:01:00,12:01:00,14:01:00,14:01:00,14:01:00,16:01:00,16:01:00,17:01:00,17:01:00,0,0
2019-02-13,07:01:00,07:01:00,07:01:00,07:01:00,12:01:00,14:01:00,14:01:00,14:01:00,16:01:00,16:01:00,17:01:00,17:01:00,0,0
2019-02-14,07:01:00,07:01:00,07:01:00,07:01:00,12:01:00,14:01:00,14:01:00,14:01:00,16:01:00,16:01:00,17:01:00,17:01:00,0,0
2019-02-15,07:01:00,07:01:00,07:01:00,07:01:00,12:01:00,14:01:00,14:01:00,14:01:00,16:01:00,16:01:00,17:01:00,17:01:00,0,0
2019-02-16,07:01:00,07:01:00,07:01:00,07:01:00,12:01:00,14:01:00,14:01:00,14:01:00,16:01:00,16:01:00,17:01:00,17:01:00,0,0
2019-02-17,07:01:00,07:01:00,07:01:00,07:01:00,12:01:00,14:01:00,14:01:00,14:01:00,16:01:00,16:01:00,17:01:00,17:01:00,0,0
2019-02-18,07:01:00,07:01:00,07:01:00,07:01:00,12:01:00,14:01:00,14:01:00,14:01:00,16:01:00,16:01:00,17:01:00,17:01:00,0,0
2019-02-19,07:01:00,07:01:00,07:01:00,07:01:00,12:01:00,14:01:00,14:01:00,14:01:00,16:01:00,16:01:00,17:01:00,17:01:00,0,0
2019-02-20,07:01:00,07:01:00,07:01:00,07:01:00,12:01:00,14:01:00,14:01:00,14:01:00,16:01:00,16:01:00,17:01:00,17:01:00,0,0
2019-02-21,07:01:00,07:01:00,07:01:00,07:01:00,12:01:00,14:01:00,14:01:00,14:01:00,16:01:00,16:01:00,17:01:00,17:01:00,0,0
2019-02-22,07:01:00,07:01:00,07:01:00,07:01:00,12:01:00,14:01:00,14:01:00,14:01:00,16:01:00,16:01:00,17:01:00,17:01:00,0,0
2019-02-23,07:01:00,07:01:00,07:01:00,07:01:00,12:01:00,14:01:00,14:01:00,14:01:00,16:01:00,16:01:00,17:01:00,17:01:00,0,0
2019-02-24,07:01:00,07:01:00,07:01:00,07:01:00,12:01:00,14:01:00,14:01:00,14:01:00,16:01:00,16:01:00,17:01:00,17:01:00,0,0
2019-02-25,07:01:00,07:01:00,07:01:00,07:01:00,12:01:00,14:01:00,14:01:00,14:01:00,16:01:00,16:01:00,17:01:00,17:01:00,0,0
2019-02-26,07:01:00,07:01:00,07:01:00,07:01:00,12:01:00,14:01:00,14:01:00,14:01:00,16:01:00,16:01:00,17:01:00,17:01:00,0,0
2019-02-27,07:01:00,07:01:00,07:01:00,07:01:00,12:01:00,14:01:00,14:01:00,14:01:00,16:01:00,16:01:00,17:01:00,17:01:00,0,0
2019-02-28,07:01:00,07:01:00,07:01:00,07:01:00,12:01:00,14:01:00,14:01:00,14:01:00,16:01:00,16:01:00,17:01:00,17:01:00,0,0
2019-03-01,07:01:00,07:01:00,07:01:00,07:01:00,12:01:00,14:01:00,14:01:00,14:01:00,16:01:00,16:01:00,17:01:00,17:01:00,0,0
2019-03-02,07:01:00,07:01:00,07:01:00,07:01:00,12:01:00,14:01:00,14:01:00,14:01:00,16:01:00,16:01:00,17:01:00,17:01:00,0,0
2019-03-03,07:01:00,07:01:00,07:01:00,07:01:00,12:01:00,14:01:00,14:01:00,14:01:00,16:01:00,16:01:00,17:01:00,17:01:00,0,0
2019-03-04,07:01:00,07:01:00,07:01:00,07:01:00,12:01:00,14:01:00,14:01:00,14:01:00,16:01:00,16:01:00,17:01:00,17:01:00,0,0
2019-03-05,07:01:00,07:01:00,07:01:00,07:01:00,12:01:00,14:01:00,14:01:00,14:01:00,16:01:00,16:01:00,17:01:00,17:01:00,0,0
2019-03-06,07:01:00,07:01:00,07:01:00,07:01:00,12:01:00,14:01:00,14:01:00,14:01:00,16:01:00,16:01:00,17:01:00,17:01:00,0,0
2019-03-07,07:01:00,07:01:00,07:01:00,07:01:00,12:01:00,14:01:00,14:01:00,14:01:00,16:01:00,16:01:00,17:01:00,17:01:00,0,0
2019-03-08,07:01:00,07:01:00,07:01:00,07:01:00,12:01:00,14:01:00,14:01:00,14:01:00,16:01:00,16:01:00,17:01:00,17:01:00,0,0
2019-03-09,07:01:00,07:01:00,07:01:00,07:01:00,12:01:00,14:01:00,14:01:00,14:01:00,16:01:00,16:01:00,17:01:00,17:01:00,0,0
2019-03-10,07:01:00,07:01:00,07:01:00,07:01:00,12:01:00,14:01:00,14:01:00,14:01:00,16:01:00,16:01:00,17:01:00,17:01:00,0,0
2019-03-11,07:01:00,07:01:00,07:01:00,07:01:00,12:01:00,14:01:00,14:01:00,14:01:00,16:01:00,16:01:00,17:01:00,17:01:00,0,0
2019-03-12,07:01:00,07:01:00,07:01:00,07:01:00,12:01:00,14:01:00,14:01:00,14:01:00,16:01:00,16:01:00,17:01:00,17:01:00,0,0
2019-03-13,07:01:00,07:01:00,07:01:00,07:01:00,12:01:00,14:01:00,14:01:00,14:01:00,16:01:00,16:01:00,17:01:00,17:01:00,0,0
2019-03-14,07:01:00,07:01:00,07:01:00,07:01:00,12:01:00,14:01:00,14:01:00,14:01:00,16:01:00,16:01:00,17:01:00,17:01:00,0,0
2019-03-15,07:01:00,07:01:00,07:01:00,07:01:00,12:01:00,14:01:00,14:01:00,14:01:00,16:01:00,16:01:00,17:01:00,17:01:00,0,0
2019-03-16,07:01:00,07:01:00,07:01:00,07:01:00,12:01:00,14:01:00,14:01:00,14:01:00,16:01:00,16:01:00,17:01:00,17:01:00,0,0
2019-03-17,07:01:00,07:01:00,07:01:00,07:01:00,12:01:00,14:01:00,14:01:00,14:01:00,16:01:00,16:01:00,17:01:00,17:01:00,0,0
2019-03-18,07:01:00,07:01:00,07:01:00,07:01:00,12:01:00,14:01:00,14:01:00,14:01:00,16:01:00,16:01:00,17:01:00,17:01:00,0,0
2019-03-19,07:01:00,07:01:00,07:01:00,07:01:00,12:01:00,14:01:00,14:01:00,14:01:00,16:01:00,16:01:00,17:01:00,17:01:00,0,0
2019-03-20,07:01:00,07:01:00,07:01:00,07:01:00,12:01:00,14:01:00,14:01:00,14:01:00,16:01:00,16:01:00,17:01:00,17:01:00,0,0
2019-03-21,07:01:00,07:01:00,07:01:00,07:01:00,12:01:00,14:01:00,14:01:00,14:01:00,16:01:00,16:01:00,17:01:00,17:01:00,0,0
2019-03-22,07:01:00,07:01:00,07:01:00,07:01:00,12:01:00,14:01:00,14:01:00,14:01:00,16:01:00,16:01:00,17:01:00,17:01:00,0,0
2019-03-23,07:01:00,07:01:00,07:01:00,07:01:00,12:01:00,14:01:00,14:01:00,14:01:00,16:01:00,16:01:00,17:01:00,17:01:00,0,0
2019-03-24,07:01:00,07:01:00,07:01:00,07:01:00,12:01:00,14:01:00,14:01:00,14:01:00,16:01:00,16:01:00,17:01:00,17:01:00,0,0
2019-03-25,07:01:00,07:01:00,07:01:00,07:01:00,12:01:00,14:01:00,14:01:00,14:01:00,16:01:00,16:01:00,17:01:00,17:01:00,0,0
2019-03-26,07:01:00,07:01:00,07:01:00,07:01:00,12:01:00,14:01:00,14:01:00,14:01:00,16:01:00,16:01:00,17:01:00,17:01:00,0,0
2019-03-27,07:01:00,07:01:00,07:01:00,07:01:00,12:01:00,14:01:00,14:01:00,14:01:00,16:01:00,16:01:00,17:01:00,17:01:00,0,0
2019-03-28,07:01:00,07:01:00,07:01:00,07:01:00,12:01:00,14:01:00,14:01:00,14:01:00,16:01:00,16:01:00,17:01:00,17:01:00,0,0
2019-03-29,07:01:00,07:01:00,07:01:00,07:01:00,12:01:00,14:01:00,14:01:00,14:01:00,16:01:00,16:01:00,17:01:00,17:01:00,0,0
2019-03-30,07:01:00,07:01:00,07:01:00,07:01:00,12:01:00,14:01:00,14:01:00,14:01:00,16:01:00,16:01:00,17:01:00,17:01:00,0,0
2019-03-31,07:01:00,07:01:00,07:01:00,07:01:00,12:01:00,14:01:00,14:01:00,14:01:00,16:01:00,16:01:00,17:01:00,17:01:00,0,0
2019-04-01,07:01:00,07:01:00,07:01:00,07:01:00,12:01:00,14:01:00,14:01:00,14:01:00,16:01:00,16:01:00,17:01:00,17:01:00,0,0
2019-04-02,07:01:00,07:01:00,07:01:00,07:01:00,12:01:00,14:01:00,14:01:00,14:01:00,16:01:00,16:01:00,17:01:00,17:01:00,0,0
2019-04-03,07:01:00,07:01:00,07:01:00,07:01:00,12:01:00,14:01:00,14:01:00,14:01:00,16:01:00,16:01:00,17:01:00,17:01:00,0,0
2019-04-04,07:01:00,07:01:00,07:01:00,07:01:00,12:01:00,14:01:00,14:01:00,14:01:00,16:01:00,16:01:00,17:01:00,17:01:00,0,0
2019-04-05,07:01:00,07:01:00,07:01:00,07:01:00,12:01:00,14:01:00,14:01:00,14:01:00,16:01:00,16:01:00,17:01:00,17:01:00,0,0
2019-04-06,07:01:00,07:01:00,07:01:00,07:01:00,12:01:00,14:01:00,14:01:00,14:01:00,16:01:00,16:01:00,17:01:00,17:01:00,0,0
2019-04-07,07:01:00,07:01:00,07:01:00,07:01:00,12:01:00,14:01:00,14:01:00,14:01:00,16:01:00,16:01:00,17:01:00,17:01:00,0,0
2019-04-08,07:01:00,07:01:00,07:01:00,07:01:00,12:01:00,14:01:00,14:01:00,14:01:00,16:01:00,16:01:00,17:01:00,17:01:00,0,0
2019-04-09,07:01:00,07:01:00,07:01:00,07:01:00,12:01:00,14:01:00,14:01:00,14:01:00,16:01:00,16:01:00,17:01:00,17:01:00,0,0
2019-04-10,07:01:00,07:01:00,07:01:00,07:01:00,12:01:00,14:01:00,14:01:00,14:01:00,16:01:00,16:01:00,17:01:00,17:01:00,0,0
2019-04-11,07:01:00,07:01:00,07:01:00,07:01:00,12:01:00,14:01:00,14:01:00,14:01:00,16:01:00,16:01:00,17:01:00,17:01:00,0,0
2019-04-12,07:01:00,07:01:00,07:01:00,07:01:00,12:01:00,14:01:00,14:01:00,14:01:00,16:01:00,16:01:00,17:01:00,17:01:00,0,0
2019-04-13,07:01:00,07:01:00,07:01:00,07:01:00,12:01:00,14:01:00,14:01:00,14:01:00,16:01:00,16:01:00,17:01:00,17:01:00,0,0
2019-04-14,07:01:00,07:01:00,07:01:00,07:01:00,12:01:00,14:01:00,14:01:00,14:01:00,16:01:00,16:01:00,17:01:00,17:01:00,0,0
2019-04-15,07:01:00,07:01:00,07:01:00,07:01:00,12:01:00,14:01:00,14:01:00,14:01:00,16:01:00,16:01:00,17:01:00,17:01:00,0,0
2019-04-16,07:01:00,07:01:00,07:01:00,07:01:00,12:01:00,14:01:00,14:01:00,14:01:00,16:01:00,16:01:00,17:01:00,17:01:00,0,0
2019-04-17,07:01:00,07:01:00,07:01:00,07:01:00,12:01:00,14:01:00,14:01:00,14:01:00,16:01:00,16:01:00,17:01:00,17:01:00,0,0
2019-04-18,07:01:00,07:01:00,07:01:00,07:01:00,12:01:00,14:01:00,14:01:00,14:01:00,16:01:00,16:01:00,17:01:00,17:01:00,0,0
2019-04-19,07:01:00,07:01:00,07:01:00,07:01:00,12:01:00,14:01:00,14:01:00,14:01:00,16:01:00,16:01:00,17:01:00,17:01:00,0,0
2019-04-20,07:01:00,07:01:00,07:01:00,07:01:00,12:01:00,14:01:00,14:01:00,14:01:00,16:01:00,16:01:00,17:01:00,17:01:00,0,0
2019-04-21,07:01:00,07:01:00,07:01:00,07:01:00,12:01:00,14:01:00,14:01:00,14:01:00,16:01:00,16:01:00,17:01:00,17:01:00,0,0
2019-04-22,07:01:00,07:01:00,07:01:00,07:01:00,12:01:00,14:01:00,14:01:00,14:01:00,16:01:00,16:01:00,17:01:00,17:01:00,0,0
2019-04-23,07:01:00,07:01:00,07:01:00,07:01:00,12:01:00,14:01:00,14:01:00,14:01:00,16:01:00,16:01:00,17:01:00,17:01:00,0,0
2019-04-24,07:01:00,07:01:00,07:01:00,07:01:00,12:01:00,14:01:00,14:01:00,14:01:00,16:01:00,16:01:00,17:01:00,17:01:00,0,0
2019-04-25,07:01:00,07:01:00,07:01:00,07:01:00,12:01:00,14:01:00,14:01:00,14:01:00,16:01:00,16:01:00,17:01:00,17:01:00,0,0
2019-04-26,07:01:00,07:01:00,07:01:00,07:01:00,12:01:00,14:01:00,14:01:00,14:01:00,16:01:00,16:01:00,17:01:00,17:01:00,0,0
2019-04-27,07:01:00,07:01:00,07:01:00,07:01:00,12:01:00,14:01:00,14:01:00,14:01:00,16:01:00,16:01:00,17:01:00,17:01:00,0,0
2019-04-28,07:01:00,07:01:00,07:01:00,07:01:00,12:01:00,14:01:00,14:01:00,14:01:00,16:01:00,16:01:00,17:01:00,17:01:00,0,0
2019-04-29,07:01:00,07:01:00,07:01:00,07:01:00,12:01:00,14:01:00,14:01:00,14:01:00,16:01:00,16:01:00,17:01:00,17:01:00,0,0
2019-04-30,07:01:00,07:01:00,07:01:00,07:01:00,12:01:00,14:01:00,14:01:00,14:01:00,16:01:00,16:01:00,17:01:00,17:01:00,0,0
2019-05-01,07:01:00,07:01:00,07:01:00,07:01:00,12:01:00,14:01:00,14:01:00,14:01:00,16:01:00,16:01:00,17:01:00,17:01:00,0,0
2019-05-02,07:01:00,07:01:00,07:01:00,07:01:00,12:01:00,14:01:00,14:01:00,14:01:00,16:01:00,16:01:00,17:01:00,17:01:00,0,0
2019-05-03,07:01:00,07:01:00,07:01:00,07:01:00,12:01:00,14:01:00,14:01:00,14:01:00,16:01:00,16:01:00,17:01:00,17:01:00,0,0
2019-05-04,07:01:00,07:01:00,07:01:00,07:01:00,12:01:00,14:01:00,14:01:00,14:01:00,16:01:00,16:01:00,17:01:00,17:01:00,0,0
2019-05-05,07:01:00,07:01:00,07:01:00,07:01:00,12:01:00,14:01:00,14:01:00,14:01:00,16:01:00,16:01:00,17:01:00,17:01:00,0,0
2019-05-06,07:01:00,07:01:00,07:01:00,07:01:00,12:01:00,14:01:00,14:01:00,14:01:00,16:01:00,16:01:00,17:01:00,17:01:00,0,0
2019-05-07,07:01:00,07:01:00,07:01:00,07:01:00,12:01:00,14:01:00,14:01:00,14:01:00,16:01:00,16:01:00,17:01:00,17:01:00,0,0
2019-05-08,07:01:00,07:01:00,07:01:00,07:01:00,12:01:00,14:01:00,14:01:00,14:01:00,16:01:00,16:01:00,17:01:00,17:01:00,0,0
2019-05-09,07:01:00,07:01:00,07:01:00,07:01:00,12:01:00,14:01:00,14:01:00,14:01:00,16:01:00,16:01:00,17:01:00,17:01:00,0,0
2019-05-10,07:01:00,07:01:00,07:01:00,07:01:00,12:01:00,14:01:00,14:01:00,14:01:00,16:01:00,16:01:00,17:01:00,17:01:00,0,0
2019-05-11,07:01:00,07:01:00,07:01:00,07:01:00,12:01:00,14:01:00,14:01:00,14:01:00,16:01:00,16:01:00,17:01:00,17:01:00,0,0
2019-05-12,07:01:00,07:01:00,07:01:00,07:01:00,12:01:00,14:01:00,14:01:00,14:01:00,16:01:00,16:01:00,17:01:00,17:01:00,0,0
2019-05-13,07:01:00,07:01:00,07:01:00,07:01:00,12:01:00,14:01:00,14:01:00,14:01:00,16:01:00,16:01:00,17:01:00,17:01:00,0,0
2019-05-14,07:01:00,07:01:00,07:01:00,07:01:00,12:01:00,14:01:00,14:01:00,14:01:00,16:01:00,16:01:00,17:01:00,17:01:00,0,0
2019-05-15,07:01:00,07:01:00,07:01:00,07:01:00,12:01:00,14:01:00,14:01:00,14:01:00,16:01:00,16:01:00,17:01:00,17:01:00,0,0
2019-05-16,07:01:00,07:01:00,07:01:00,07:01:00,12:01:00,14:01:00,14:01:00,14:01:00,16:01:00,16:01:00,17:01:00,17:01:00,0,0
2019-05-17,07:01:00,07:01:00,07:01:00,07:01:00,12:01:00,14:01:00,14:01:00,14:01:00,16:01:00,16:01:00,17:01:00,17:01:00,0,0
2019-05-18,07:01:00,07:01:00,07:01:00,07:01:00,12:01:00,14:01:00,14:01:00,14:01:00,16:01:00,16:01:00,17:01:00,17:01:00,0,0
2019-05-19,07:01:00,07:01:00,07:01:00,07:01:00,12:01:00,14:01:00,14:01:00,14:01:00,16:01:00,16:01:00,17:01:00,17:01:00,0,0
2019-05-20,07:01:00,07:01:00,07:01:00,07:01:00,12:01:00,14:01:00,14:01:00,14:01:00,16:01:00,16:01:00,17:01:00,17:01:00,0,0
2019-05-21,07:01:00,07:01:00,07:01:00,07:01:00,12:01:00,14:01:00,14:01:00,14:01:00,16:01:00,16:01:00,17:01:00,17:01:00,0,0
2019-05-22,07:01:00,07:01:00,07:01:00,07:01:00,12:01:00,14:01:00,14:01:00,14:01:00,16:01:00,16:01:00,17:01:00,17:01:00,0,0
2019-05-23,07:01:00,07:01:00,07:01:00,07:01:00,12:01:00,14:01:00,14:01:00,14:01:00,16:01:00,16:01:00,17:01:00,17:01:00,0,0
2019-05-24,07:01:00,07:01:00,07:01:00,07:01:00,12:01:00,14:01:00,14:01:00,14:01:00,16:01:00,16:01:00,17:01:00,17:01:00,0,0
2019-05-25,07:01:00,07:01:00,07:01:00,07:01:00,12:01:00,14:01:00,14:01:00,14:01:00,16:01:00,16:01:00,17:01:00,17:01:00,0,0
2019-05-26,07:01:00,07:01:00,07:01:00,07:01:00,12:01:00,14:01:00,14:01:00,14:01:00,16:01:00,16:01:00,17:01:00,17:01:00,0,0
2019-05-27,07:01:00,07:01:00,07:01:00,07:01:00,12:01:00,14:01:00,14:01:00,14:01:00,16:01:00,16:01:00,17:01:00,17:01:00,0,0
2019-05-28,07:01:00,07:01:00,07:01:00,07:01:00,12:01:00,14:01:00,14:01:00,14:01:00,16:01:00,16:01:00,17:01:00,17:01:00,0,0
2019-05-29,07:01:00,07:01:00,07:01:00,07:01:00,12:01:00,14:01:00,14:01:00,14:01:00,16:01:00,16:01:00,17:01:00,17:01:00,0,0
2019-05-30,07:01:00,07:01:00,07:01:00,07:01:00,12:01:00,14:01:00,14:01:00,14:01:00,16:01:00,16:01:00,17:01:00,17:01:00,0,0
2019-05-31,07:01:00,07:01:00,07:01:00,07:01:00,12:01:00,14:01:00,14:01:00,14:01:00,16:01:00,16:01:00,17:01:00,17:01:00,0,0
2019-06-01,07:01:00,07:01:00,07:01:00,07:01:00,12:01:00,14:01:00,14:01:00,14:01:00,16:01:00,16:01:00,17:01:00,17:01:00,0,0
2019-06-02,07:01:00,07:01:00,07:01:00,07:01:00,12:01:00,14:01:00,14:01:00,14:01:00,16:01:00,16:01:00,17:01:00,17:01:00,0,0
2019-06-03,07:01:00,07:01:00,07:01:00,07:01:00,12:01:00,14:01:00,14:01:00,14:01:00,16:01:00,16:01:00,17:01:00,17:01:00,0,0
2019-06-04,07:01:00,07:01:00,07:01:00,07:01:00,12:01:00,14:01:00,14:01:00,14:01:00,16:01:00,16:01:00,17:01:00,17:01:00,0,0
2019-06-05,07:01:00,07:01:00,07:01:00,07:01:00,12:01:00,14:01:00,14:01:00,14:01:00,16:01:00,16:01:00,17:01:00,17:01:00,0,0
2019-06-06,07:01:00,07:01:00,07:01:00,07:01:00,12:01:00,14:01:00,14:01:00,14:01:00,16:01:00,16:01:00,17:01:00,17:01:00,0,0
2019-06-07,07:01:00,07:01:00,07:01:00,07:01:00,12:01:00,14:01:00,14:01:00,14:01:00,16:01:00,16:01:00,17:01:00,17:01:00,0,0
2019-06-08,07:01:00,07:01:00,07:01:00,07:01:00,12:01:00,14:01:00,14:01:00,14:01:00,16:01:00,16:01:00,17:01:00,17:01:00,0,0
2019-06-09,07:01:00,07:01:00,07:01:00,07:01:00,12:01:00,14:01:00,14:01:00,14:01:00,16:01:00,16:01:00,17:01:00,17:01:00,0,0
2019-06-10,07:01:00,07:01:00,07:01:00,07:01:00,12:01:00,14:01:00,14:01:00,14:01:00,16:01:00,16:01:00,17:01:00,17:01:00,0,0
2019-06-11,07:01:00,07:01:00,07:01:00,07:01:00,12:01:00,14:01:00,14:01:00,14:01:00,16:01:00,16:01:00,17:01:00,17:01:00,0,0
2019-06-12,03:19:00,03:19:00,05:19:00,13:19:00,14:15:00,14:15:00,18:15:00,18:15:00,22:05:00,22:05:00,23:15:00,23:15:00,0,0
2019-06-13,03:19:00,03:19:00,05:19:00,13:19:00,14:15:00,14:15:00,18:15:00,18:15:00,22:05:00,22:05:00,23:15:00,23:15:00,0,0
2019-06-14,03:19:00,03:19:00,05:19:00,13:19:00,14:15:00,14:15:00,18:15:00,18:15:00,22:05:00,22:05:00,23:15:00,23:15:00,0,0
2019-06-15,03:19:00,03:19:00,05:19:00,13:19:00,14:15:00,14:15:00,18:15:00,18:15:00,22:05:00,22:05:00,23:15:00,23:15:00,0,0
2019-06-16,03:19:00,03:19:00,05:19:00,13:19:00,14:15:00,14:15:00,18:15:00,18:15:00,22:05:00,22:05:00,23:15:00,23:15:00,0,0
2019-06-17,03:19:00,03:19:00,05:19:00,13:19:00,14:15:00,14:15:00,18:15:00,18:15:00,22:05:00,22:05:00,23:15:00,23:15:00,0,0
2019-06-18,03:19:00,03:19:00,05:19:00,13:19:00,14:15:00,14:15:00,18:15:00,18:15:00,22:05:00,22:05:00,23:15:00,23:15:00,0,0
2019-06-19,03:19:00,03:19:00,05:19:00,13:19:00,14:15:00,14:15:00,18:15:00,18:15:00,22:05:00,22:05:00,23:15:00,23:15:00,0,0
2019-06-20,03:19:00,03:19:00,05:19:00,13:19:00,14:15:00,14:15:00,18:15:00,18:15:00,22:05:00,22:05:00,23:15:00,23:15:00,0,0
2019-06-21,03:19:00,03:19:00,05:19:00,13:19:00,14:15:00,14:15:00,18:15:00,18:15:00,22:05:00,22:05:00,23:15:00,23:15:00,0,0
2019-06-22,03:19:00,03:19:00,05:19:00,13:19:00,14:15:00,14:15:00,18:15:00,18:15:00,22:05:00,22:05:00,23:15:00,23:15:00,0,0
2019-06-23,03:19:00,03:19:00,05:19:00,13:19:00,14:30:00,14:15:00,18:15:00,19:04:00,22:05:00,22:05:00,23:15:00,23:15:00,0,0
2019-06-24,03:19:00,03:19:00,05:19:00,13:19:00,14:15:00,14:15:00,18:15:00,18:15:00,22:05:00,22:05:00,23:15:00,23:15:00,0,0
2019-06-25,03:19:00,03:19:00,05:19:00,13:19:00,14:15:00,14:15:00,18:15:00,18:15:00,22:05:00,22:05:00,23:15:00,23:15:00,0,0
2019-06-26,03:19:00,03:19:00,05:19:00,13:19:00,14:15:00,14:15:00,18:15:00,18:15:00,22:05:00,22:05:00,23:15:00,23:15:00,0,0
2019-06-27,03:19:00,03:19:00,05:19:00,13:19:00,14:15:00,14:15:00,18:15:00,18:15:00,22:05:00,22:05:00,23:15:00,23:15:00,0,0
2019-06-28,03:19:00,03:19:00,05:19:00,13:19:00,14:15:00,14:15:00,18:15:00,18:15:00,22:05:00,22:05:00,23:15:00,23:15:00,0,0
2019-06-29,03:19:00,03:19:00,05:19:00,13:19:00,14:15:00,14:15:00,18:15:00,18:15:00,22:05:00,21:30:00,23:15:00,23:15:00,0,0
2019-06-30,03:19:00,03:19:00,05:19:00,13:19:00,14:15:00,14:15:00,18:15:00,18:15:00,22:05:00,22:05:00,23:15:00,23:15:00,0,0
2019-07-01,03:19:00,03:19:00,05:19:00,13:19:00,14:15:00,14:15:00,18:15:00,18:15:00,22:05:00,22:05:00,23:15:00,23:15:00,0,0
2019-07-02,03:19:00,03:19:00,05:19:00,13:19:00,14:15:00,14:15:00,18:15:00,18:15:00,22:05:00,22:05:00,23:15:00,23:15:00,0,0
2019-07-03,03:19:00,03:19:00,05:19:00,13:19:00,14:15:00,14:15:00,18:15:00,18:15:00,22:05:00,22:05:00,23:15:00,23:15:00,0,0
2019-07-04,03:19:00,03:19:00,05:19:00,13:19:00,14:15:00,14:15:00,18:15:00,18:15:00,22:05:00,22:05:00,23:15:00,23:15:00,0,0
2019-07-05,03:19:00,03:19:00,05:19:00,13:19:00,14:15:00,14:15:00,18:15:00,18:15:00,22:05:00,22:05:00,23:15:00,23:15:00,0,0
2019-07-06,03:19:00,03:19:00,05:19:00,13:19:00,14:15:00,14:15:00,18:15:00,18:15:00,22:05:00,22:05:00,23:15:00,23:15:00,0,0
2019-07-07,03:19:00,03:19:00,05:19:00,13:19:00,14:15:00,14:15:00,18:15:00,18:15:00,22:05:00,22:05:00,23:15:00,23:15:00,0,0
2019-07-08,03:19:00,03:19:00,05:19:00,13:19:00,14:15:00,14:15:00,18:15:00,18:15:00,22:05:00,22:05:00,23:15:00,23:15:00,0,0
2019-07-09,03:19:00,03:19:00,05:19:00,13:19:00,14:15:00,14:15:00,18:15:00,18:15:00,22:05:00,22:05:00,23:15:00,23:15:00,0,0
2019-07-10,03:19:00,03:19:00,05:19:00,13:19:00,14:15:00,14:15:00,18:15:00,18:15:00,22:05:00,22:05:00,23:15:00,23:15:00,0,0
2019-07-11,03:19:00,03:19:00,05:19:00,13:19:00,14:15:00,14:15:00,18:15:00,18:15:00,22:05:00,22:05:00,23:15:00,23:15:00,0,0
2019-07-12,03:19:00,03:19:00,05:19:00,13:19:00,14:15:00,14:15:00,18:15:00,18:15:00,22:05:00,22:05:00,23:15:00,23:15:00,0,0
2019-07-13,03:19:00,03:19:00,05:19:00,13:19:00,14:15:00,14:15:00,18:15:00,18:15:00,22:05:00,22:05:00,23:15:00,23:15:00,0,0
2019-07-14,03:19:00,03:19:00,05:19:00,13:19:00,14:15:00,14:15:00,18:15:00,18:15:00,22:05:00,22:05:00,23:15:00,23:15:00,0,0
2019-07-15,03:19:00,03:19:00,05:19:00,13:19:00,14:15:00,14:15:00,18:15:00,18:15:00,22:05:00,22:05:00,23:15:00,23:15:00,0,0
2019-07-16,03:19:00,03:19:00,05:19:00,13:19:00,14:15:00,14:15:00,18:15:00,18:15:00,22:05:00,22:05:00,23:15:00,23:15:00,0,0
2019-07-17,03:19:00,03:19:00,05:19:00,13:19:00,14:15:00,14:15:00,18:15:00,18:15:00,22:05:00,22:05:00,23:15:00,23:15:00,0,0
2019-07-18,03:19:00,03:19:00,05:19:00,13:19:00,14:15:00,14:15:00,18:15:00,18:15:00,22:05:00,22:05:00,23:15:00,23:15:00,0,0
2019-07-19,03:19:00,03:19:00,05:19:00,13:19:00,14:15:00,14:15:00,18:15:00,18:15:00,22:05:00,22:05:00,23:15:00,23:15:00,0,0
2019-07-20,03:19:00,03:19:00,05:19:00,13:19:00,14:15:00,14:15:00,18:15:00,18:15:00,22:05:00,22:05:00,23:15:00,23:15:00,0,0
2019-07-21,03:19:00,03:19:00,05:19:00,13:19:00,14:15:00,14:15:00,18:15:00,18:15:00,22:05:00,22:05:00,23:15:00,23:15:00,0,0
2019-07-22,03:19:00,03:19:00,05:19:00,13:19:00,14:15:00,14:15:00,18:15:00,18:15:00,22:05:00,22:05:00,23:15:00,23:15:00,0,0
2019-07-23,03:19:00,03:19:00,05:19:00,13:19:00,14:15:00,14:15:00,18:15:00,18:15:00,22:05:00,22:05:00,23:15:00,23:15:00,0,0
2019-07-24,03:19:00,03:19:00,05:19:00,13:19:00,14:15:00,14:15:00,18:15:00,18:15:00,22:05:00,22:05:00,23:15:00,23:15:00,0,0
2019-07-25,03:19:00,03:19:00,05:19:00,13:19:00,14:15:00,14:15:00,18:15:00,18:15:00,22:05:00,22:05:00,23:15:00,23:15:00,0,0
2019-07-26,03:19:00,03:19:00,05:19:00,13:19:00,14:15:00,14:15:00,18:15:00,18:15:00,22:05:00,22:05:00,23:15:00,23:15:00,0,0
2019-07-27,03:19:00,03:19:00,05:19:00,13:19:00,14:15:00,14:15:00,18:15:00,18:15:00,22:05:00,22:05:00,23:15:00,23:15:00,0,0
2019-07-28,03:19:00,03:19:00,05:19:00,13:19:00,14:15:00,14:15:00,18:15:00,18:15:00,22:05:00,22:05:00,23:15:00,23:15:00,0,0
2019-07-29,03:19:00,03:19:00,05:19:00,13:19:00,14:15:00,14:15:00,18:15:00,18:15:00,22:05:00,22:05:00,23:15:00,23:15:00,0,0
2019-07-30,03:19:00,03:19:00,05:19:00,13:19:00,14:15:00,14:15:00,18:15:00,18:15:00,22:05:00,22:05:00,23:15:00,23:15:00,0,0
2019-07-31,03:19:00,03:19:00,05:19:00,13:19:00,14:15:00,14:15:00,18:15:00,18:15:00,22:05:00,22:05:00,23:15:00,23:15:00,0,0
2019-08-01,03:19:00,03:19:00,05:19:00,13:19:00,14:15:00,14:15:00,18:15:00,18:15:00,22:05:00,22:05:00,23:15:00,23:15:00,0,0
2019-08-02,03:19:00,03:19:00,05:19:00,13:19:00,14:15:00,14:15:00,18:15:00,18:15:00,22:05:00,22:05:00,23:15:00,23:15:00,0,0
2019-08-03,03:19:00,03:19:00,05:19:00,13:19:00,14:15:00,14:15:00,18:15:00,18:15:00,22:05:00,22:05:00,23:15:00,23:15:00,0,0
2019-08-04,03:19:00,03:19:00,05:19:00,13:19:00,14:15:00,14:15:00,18:15:00,18:15:00,22:05:00,22:05:00,23:15:00,23:15:00,0,0
2019-08-05,03:19:00,03:19:00,05:19:00,13:19:00,14:15:00,14:15:00,18:15:00,18:15:00,22:05:00,22:05:00,23:15:00,23:15:00,0,0
2019-08-06,03:19:00,03:19:00,05:19:00,13:19:00,14:15:00,14:15:00,18:15:00,18:15:00,22:05:00,22:05:00,23:15:00,23:15:00,0,0
2019-08-07,03:19:00,03:19:00,05:19:00,13:19:00,14:15:00,14:15:00,18:15:00,18:15:00,22:05:00,22:05:00,23:15:00,23:15:00,0,0
2019-08-08,03:19:00,03:19:00,05:19:00,13:19:00,14:15:00,14:15:00,18:15:00,18:15:00,22:05:00,22:05:00,23:15:00,23:15:00,0,0
2019-08-09,03:19:00,03:19:00,05:19:00,13:19:00,14:15:00,14:15:00,18:15:00,18:15:00,22:05:00,22:05:00,23:15:00,23:15:00,0,0
2019-08-10,03:19:00,03:19:00,05:19:00,13:19:00,14:15:00,14:15:00,18:15:00,18:15:00,22:05:00,22:05:00,23:15:00,23:15:00,0,0
2019-08-11,03:19:00,03:19:00,05:19:00,13:19:00,14:15:00,14:15:00,18:15:00,18:15:00,22:05:00,22:05:00,23:15:00,23:15:00,0,0
2019-08-12,03:19:00,03:19:00,05:19:00,13:19:00,14:15:00,14:15:00,18:15:00,18:15:00,22:05:00,22:05:00,23:15:00,23:15:00,0,0
2019-08-13,03:19:00,03:19:00,05:19:00,13:19:00,14:15:00,14:15:00,18:15:00,18:15:00,22:05:00,22:05:00,23:15:00,23:15:00,0,0
2019-08-14,03:19:00,03:19:00,05:19:00,13:19:00,14:15:00,14:15:00,18:15:00,18:15:00,22:05:00,22:05:00,23:15:00,23:15:00,0,0
2019-08-15,03:19:00,03:19:00,05:19:00,13:19:00,14:15:00,14:15:00,18:15:00,18:15:00,22:05:00,22:05:00,23:15:00,23:15:00,0,0
2019-08-16,03:19:00,03:19:00,05:19:00,13:19:00,14:15:00,14:15:00,18:15:00,18:15:00,22:05:00,22:05:00,23:15:00,23:15:00,0,0
2019-08-17,03:19:00,03:19:00,05:19:00,13:19:00,14:15:00,14:15:00,18:15:00,18:15:00,22:05:00,22:05:00,23:15:00,23:15:00,0,0
2019-08-18,03:19:00,03:19:00,05:19:00,13:19:00,14:15:00,14:15:00,18:15:00,18:15:00,22:05:00,22:05:00,23:15:00,23:15:00,0,0
2019-08-19,03:19:00,03:19:00,05:19:00,13:19:00,14:15:00,14:15:00,18:15:00,18:15:00,22:05:00,22:05:00,23:15:00,23:15:00,0,0
2019-08-20,03:19:00,03:19:00,05:19:00,13:19:00,14:15:00,14:15:00,18:15:00,18:15:00,22:05:00,22:05:00,23:15:00,23:15:00,0,0
2019-08-21,03:19:00,03:19:00,05:19:00,13:19:00,14:15:00,14:15:00,18:15:00,18:15:00,22:05:00,22:05:00,23:15:00,23:15:00,0,0
2019-08-22,03:19:00,03:19:00,05:19:00,13:19:00,14:15:00,14:15:00,18:15:00,18:15:00,22:05:00,22:05:00,23:15:00,23:15:00,0,0
2019-08-23,03:19:00,03:19:00,05:19:00,13:19:00,14:15:00,14:15:00,18:15:00,18:15:00,22:05:00,22:05:00,23:15:00,23:15:00,0,0
2019-08-24,03:19:00,03:19:00,05:19:00,13:19:00,14:15:00,14:15:00,18:15:00,18:15:00,22:05:00,22:05:00,23:15:00,23:15:00,0,0
2019-08-25,03:19:00,03:19:00,05:19:00,13:19:00,14:15:00,14:15:00,18:15:00,18:15:00,22:05:00,22:05:00,23:15:00,23:15:00,0,0
2019-08-26,03:19:00,03:19:00,05:19:00,13:19:00,14:15:00,14:15:00,18:15:00,18:15:00,22:05:00,22:05:00,23:15:00,23:15:00,0,0
2019-08-27,03:19:00,03:19:00,05:19:00,13:19:00,14:15:00,14:15:00,18:15:00,18:15:00,22:05:00,22:05:00,23:15:00,23:15:00,0,0
2019-08-28,03:19:00,03:19:00,05:19:00,13:19:00,14:15:00,14:15:00,18:15:00,18:15:00,22:05:00,22:05:00,23:15:00,23:15:00,0,0
2019-08-29,03:19:00,03:19:00,05:19:00,13:19:00,14:15:00,14:15:00,18:15:00,18:15:00,22:05:00,22:05:00,23:15:00,23:15:00,0,0
2019-08-30,03:19:00,03:19:00,05:19:00,13:19:00,14:15:00,14:15:00,18:15:00,18:15:00,22:05:00,22:05:00,23:15:00,23:15:00,0,0
2019-08-31,03:19:00,03:19:00,05:19:00,13:19:00,14:15:00,14:15:00,18:15:00,18:15:00,22:05:00,22:05:00,23:15:00,23:15:00,0,0
2019-09-01,03:19:00,03:19:00,05:19:00,13:19:00,14:15:00,14:15:00,18:15:00,18:15:00,22:05:00,22:05:00,23:15:00,23:15:00,0,0
2019-09-02,03:19:00,03:19:00,05:19:00,13:19:00,14:15:00,14:15:00,18:15:00,18:15:00,22:05:00,22:05:00,23:15:00,23:15:00,0,0
2019-09-03,03:19:00,03:19:00,05:19:00,13:19:00,14:15:00,14:15:00,18:15:00,18:15:00,22:05:00,22:05:00,23:15:00,23:15:00,0,0
2019-09-04,03:19:00,03:19:00,05:19:00,13:19:00,14:15:00,14:15:00,18:15:00,18:15:00,22:05:00,22:05:00,23:15:00,23:15:00,0,0
2019-09-05,03:19:00,03:19:00,05:19:00,13:19:00,14:15:00,14:15:00,18:15:00,18:15:00,22:05:00,22:05:00,23:15:00,23:15:00,0,0
2019-09-06,03:19:00,03:19:00,05:19:00,13:19:00,14:15:00,14:15:00,18:15:00,18:15:00,22:05:00,22:05:00,23:15:00,23:15:00,0,0
2019-09-07,03:19:00,03:19:00,05:19:00,13:19:00,14:15:00,14:15:00,18:15:00,18:15:00,22:05:00,22:05:00,23:15:00,23:15:00,0,0
2019-09-08,03:19:00,03:19:00,05:19:00,13:19:00,14:15:00,14:15:00,18:15:00,18:15:00,22:05:00,22:05:00,23:15:00,23:15:00,0,0
2019-09-09,03:19:00,03:19:00,05:19:00,13:19:00,14:15:00,14:15:00,18:15:00,18:15:00,22:05:00,22:05:00,23:15:00,23:15:00,0,0
2019-09-10,03:19:00,03:19:00,05:19:00,13:19:00,14:15:00,14:15:00,18:15:00,18:15:00,22:05:00,22:05:00,23:15:00,23:15:00,0,0
2019-09-11,03:19:00,03:19:00,05:19:00,13:19:00,14:15:00,14:15:00,18:15:00,18:15:00,22:05:00,22:05:00,23:15:00,23:15:00,0,0
2019-09-12,03:19:00,03:19:00,05:19:00,13:19:00,14:15:00,14:15:00,18:15:00,18:15:00,22:05:00,22:05:00,23:15:00,23:15:00,0,0
2019-09-13,03:19:00,03:19:00,05:19:00,13:19:00,14:15:00,14:15:00,18:15:00,18:15:00,22:05:00,22:05:00,23:15:00,23:15:00,0,0
2019-09-14,03:19:00,03:19:00,05:19:00,13:19:00,14:15:00,14:15:00,18:15:00,18:15:00,22:05:00,22:05:00,23:15:00,23:15:00,0,0
2019-09-15,03:19:00,03:19:00,05:19:00,13:19:00,14:15:00,14:15:00,18:15:00,18:15:00,22:05:00,22:05:00,23:15:00,23:15:00,0,0
2019-09-16,03:19:00,03:19:00,05:19:00,13:19:00,14:15:00,14:15:00,18:15:00,18:15:00,22:05:00,22:05:00,23:15:00,23:15:00,0,0
2019-09-17,03:19:00,03:19:00,05:19:00,13:19:00,14:15:00,14:15:00,18:15:00,18:15:00,22:05:00,22:05:00,23:15:00,23:15:00,0,0
2019-09-18,03:19:00,03:19:00,05:19:00,13:19:00,14:15:00,14:15:00,18:15:00,18:15:00,22:05:00,22:05:00,23:15:00,23:15:00,0,0
2019-09-19,03:19:00,03:19:00,05:19:00,13:19:00,14:15:00,14:15:00,18:15:00,18:15:00,22:05:00,22:05:00,23:15:00,23:15:00,0,0
2019-09-20,03:19:00,03:19:00,05:19:00,13:19:00,14:15:00,14:15:00,18:15:00,18:15:00,22:05:00,22:05:00,23:15:00,23:15:00,0,0
2019-09-21,03:19:00,03:19:00,05:19:00,13:19:00,14:15:00,14:15:00,18:15:00,18:15:00,22:05:00,22:05:00,23:15:00,23:15:00,0,0
2019-09-22,03:19:00,03:19:00,05:19:00,13:19:00,14:15:00,14:15:00,18:15:00,18:15:00,22:05:00,22:05:00,23:15:00,23:15:00,0,0
2019-09-23,03:19:00,03:19:00,05:19:00,13:19:00,14:15:00,14:15:00,18:15:00,18:15:00,22:05:00,22:05:00,23:15:00,23:15:00,0,0
2019-09-24,03:19:00,03:19:00,05:19:00,13:19:00,14:15:00,14:15:00,18:15:00,18:15:00,22:05:00,22:05:00,23:15:00,23:15:00,0,0
2019-09-25,03:19:00,03:19:00,05:19:00,13:19:00,14:15:00,14:15:00,18:15:00,18:15:00,22:05:00,22:05:00,23:15:00,23:15:00,0,0
2019-09-26,03:19:00,03:19:00,05:19:00,13:19:00,14:15:00,14:15:00,18:15:00,18:15:00,22:05:00,22:05:00,23:15:00,23:15:00,0,0
2019-09-27,03:19:00,03:19:00,05:19:00,13:19:00,14:15:00,14:15:00,18:15:00,18:15:00,22:05:00,22:05:00,23:15:00,23:15:00,0,0
2019-09-28,03:19:00,03:19:00,05:19:00,13:19:00,14:15:00,14:15:00,18:15:00,18:15:00,22:05:00,22:05:00,23:15:00,23:15:00,0,0
2019-09-29,03:19:00,03:19:00,05:19:00,13:19:00,14:15:00,14:15:00,18:15:00,18:15:00,22:05:00,22:05:00,23:15:00,23:15:00,0,0
2019-09-30,03:19:00,03:19:00,05:19:00,13:19:00,14:15:00,14:15:00,18:15:00,18:15:00,22:05:00,22:05:00,23:15:00,23:15:00,0,0
2019-10-01,03:19:00,03:19:00,05:19:00,13:19:00,14:15:00,14:15:00,18:15:00,18:15:00,22:05:00,22:05:00,23:15:00,23:15:00,0,0
2019-10-02,03:19:00,03:19:00,05:19:00,13:19:00,14:15:00,14:15:00,18:15:00,18:15:00,22:05:00,22:05:00,23:15:00,23:15:00,0,0
2019-10-03,03:19:00,03:19:00,05:19:00,13:19:00,14:15:00,14:15:00,18:15:00,18:15:00,22:05:00,22:05:00,23:15:00,23:15:00,0,0
2019-10-04,03:19:00,03:19:00,05:19:00,13:19:00,14:15:00,14:15:00,18:15:00,18:15:00,22:05:00,22:05:00,23:15:00,23:15:00,0,0
2019-10-05,03:19:00,03:19:00,05:19:00,13:19:00,14:15:00,14:15:00,18:15:00,18:15:00,22:05:00,22:05:00,23:15:00,23:15:00,0,0
2019-10-06,03:19:00,03:19:00,05:19:00,13:19:00,14:15:00,14:15:00,18:15:00,18:15:00,22:05:00,22:05:00,23:15:00,23:15:00,0,0
2019-10-07,03:19:00,03:19:00,05:19:00,13:19:00,14:15:00,14:15:00,18:15:00,18:15:00,22:05:00,22:05:00,23:15:00,23:15:00,0,0
2019-10-08,03:19:00,03:19:00,05:19:00,13:19:00,14:15:00,14:15:00,18:15:00,18:15:00,22:05:00,22:05:00,23:15:00,23:15:00,0,0
2019-10-09,03:19:00,03:19:00,05:19:00,13:19:00,14:15:00,14:15:00,18:15:00,18:15:00,22:05:00,22:05:00,23:15:00,23:15:00,0,0
2019-10-10,03:19:00,03:19:00,05:19:00,13:19:00,14:15:00,14:15:00,18:15:00,18:15:00,22:05:00,22:05:00,23:15:00,23:15:00,0,0
2019-10-11,03:19:00,03:19:00,05:19:00,13:19:00,14:15:00,14:15:00,18:15:00,18:15:00,22:05:00,22:05:00,23:15:00,23:15:00,0,0
2019-10-12,03:19:00,03:19:00,05:19:00,13:19:00,14:15:00,14:15:00,18:15:00,18:15:00,22:05:00,22:05:00,23:15:00,23:15:00,0,0
2019-10-13,03:19:00,03:19:00,05:19:00,13:19:00,14:15:00,14:15:00,18:15:00,18:15:00,22:05:00,22:05:00,23:15:00,23:15:00,0,0
2019-10-14,03:19:00,03:19:00,05:19:00,13:19:00,14:15:00,14:15:00,18:15:00,18:15:00,22:05:00,22:05:00,23:15:00,23:15:00,0,0
2019-10-15,03:19:00,03:19:00,05:19:00,13:19:00,14:15:00,14:15:00,18:15:00,18:15:00,22:05:00,22:05:00,23:15:00,23:15:00,0,0
2019-10-16,03:19:00,03:19:00,05:19:00,13:19:00,14:15:00,14:15:00,18:15:00,18:15:00,22:05:00,22:05:00,23:15:00,23:15:00,0,0
2019-10-17,03:19:00,03:19:00,05:19:00,13:19:00,14:15:00,14:15:00,18:15:00,18:15:00,22:05:00,22:05:00,23:15:00,23:15:00,0,0
2019-10-18,03:19:00,03:19:00,05:19:00,13:19:00,14:15:00,14:15:00,18:15:00,18:15:00,22:05:00,22:05:00,23:15:00,23:15:00,0,0
2019-10-19,03:19:00,03:19:00,05:19:00,13:19:00,14:15:00,14:15:00,18:15:00,18:15:00,22:05:00,22:05:00,23:15:00,23:15:00,0,0
2019-10-20,03:19:00,03:19:00,05:19:00,13:19:00,14:15:00,14:15:00,18:15:00,18:15:00,22:05:00,22:05:00,23:15:00,23:15:00,0,0
2019-10-21,03:19:00,03:19:00,05:19:00,13:19:00,14:15:00,14:15:00,18:15:00,18:15:00,22:05:00,22:05:00,23:15:00,23:15:00,0,0
2019-10-22,03:19:00,03:19:00,05:19:00,13:19:00,14:15:00,14:15:00,18:15:00,18:15:00,22:05:00,22:05:00,23:15:00,23:15:00,0,0
2019-10-23,03:19:00,03:19:00,05:19:00,13:19:00,14:15:00,14:15:00,18:15:00,18:15:00,22:05:00,22:05:00,23:15:00,23:15:00,0,0
2019-10-24,03:19:00,03:19:00,05:19:00,13:19:00,14:15:00,14:15:00,18:15:00,18:15:00,22:05:00,22:05:00,23:15:00,23:15:00,0,0
2019-10-25,03:19:00,03:19:00,05:19:00,13:19:00,14:15:00,14:15:00,18:15:00,18:15:00,22:05:00,22:05:00,23:15:00,23:15:00,0,0
2019-10-26,03:19:00,03:19:00,05:19:00,13:19:00,14:15:00,14:15:00,18:15:00,18:15:00,22:05:00,22:05:00,23:15:00,23:15:00,0,0
2019-10-27,03:19:00,03:19:00,05:19:00,13:19:00,14:15:00,14:15:00,18:15:00,18:15:00,22:05:00,22:05:00,23:15:00,23:15:00,0,0
2019-10-28,03:19:00,03:19:00,05:19:00,13:19:00,14:15:00,14:15:00,18:15:00,18:15:00,22:05:00,22:05:00,23:15:00,23:15:00,0,0
2019-10-29,03:19:00,03:19:00,05:19:00,13:19:00,14:15:00,14:15:00,18:15:00,18:15:00,22:05:00,22:05:00,23:15:00,23:15:00,0,0
2019-10-30,03:19:00,03:19:00,05:19:00,13:19:00,14:15:00,14:15:00,18:15:00,18:15:00,22:05:00,22:05:00,23:15:00,23:15:00,0,0
2019-10-31,03:19:00,03:19:00,05:19:00,13:19:00,14:15:00,14:15:00,18:15:00,18:15:00,22:05:00,22:05:00,23:15:00,23:15:00,0,0
2019-11-01,03:19:00,03:19:00,05:19:00,13:19:00,14:15:00,14:15:00,18:15:00,18:15:00,22:05:00,22:05:00,23:15:00,23:15:00,0,0
2019-11-02,03:19:00,03:19:00,05:19:00,13:19:00,14:15:00,14:15:00,18:15:00,18:15:00,22:05:00,22:05:00,23:15:00,23:15:00,0,0
2019-11-03,03:19:00,03:19:00,05:19:00,13:19:00,14:15:00,14:15:00,18:15:00,18:15:00,22:05:00,22:05:00,23:15:00,23:15:00,0,0
2019-11-04,03:19:00,03:19:00,05:19:00,13:19:00,14:15:00,14:15:00,18:15:00,18:15:00,22:05:00,22:05:00,23:15:00,23:15:00,0,0
2019-11-05,03:19:00,03:19:00,05:19:00,13:19:00,14:15:00,14:15:00,18:15:00,18:15:00,22:05:00,22:05:00,23:15:00,23:15:00,0,0
2019-11-06,03:19:00,03:19:00,05:19:00,13:19:00,14:15:00,14:15:00,18:15:00,18:15:00,22:05:00,22:05:00,23:15:00,23:15:00,0,0
2019-11-07,03:19:00,03:19:00,05:19:00,13:19:00,14:15:00,14:15:00,18:15:00,18:15:00,22:05:00,22:05:00,23:15:00,23:15:00,0,0
2019-11-08,03:19:00,03:19:00,05:19:00,13:19:00,14:15:00,14:15:00,18:15:00,18:15:00,22:05:00,22:05:00,23:15:00,23:15:00,0,0
2019-11-09,03:19:00,03:19:00,05:19:00,13:19:00,14:15:00,14:15:00,18:15:00,18:15:00,22:05:00,22:05:00,23:15:00,23:15:00,0,0
2019-11-10,03:19:00,03:19:00,05:19:00,13:19:00,14:15:00,14:15:00,18:15:00,18:15:00,22:05:00,22:05:00,23:15:00,23:15:00,0,0
2019-11-11,03:19:00,03:19:00,05:19:00,13:19:00,14:15:00,14:15:00,18:15:00,18:15:00,22:05:00,22:05:00,23:15:00,23:15:00,0,0
2019-11-12,03:19:00,03:19:00,05:19:00,13:19:00,14:15:00,14:15:00,18:15:00,18:15:00,22:05:00,22:05:00,23:15:00,23:15:00,0,0
2019-11-13,03:19:00,03:19:00,05:19:00,13:19:00,14:15:00,14:15:00,18:15:00,18:15:00,22:05:00,22:05:00,23:15:00,23:15:00,0,0
2019-11-14,03:19:00,03:19:00,05:19:00,13:19:00,14:15:00,14:15:00,18:15:00,18:15:00,22:05:00,22:05:00,23:15:00,23:15:00,0,0
2019-11-15,03:19:00,03:19:00,05:19:00,13:19:00,14:15:00,14:15:00,18:15:00,18:15:00,22:05:00,22:05:00,23:15:00,23:15:00,0,0
2019-11-16,03:19:00,03:19:00,05:19:00,13:19:00,14:15:00,14:15:00,18:15:00,18:15:00,22:05:00,22:05:00,23:15:00,23:15:00,0,0
2019-11-17,03:19:00,03:19:00,05:19:00,13:19:00,14:15:00,14:15:00,18:15:00,18:15:00,22:05:00,22:05:00,23:15:00,23:15:00,0,0
2019-11-18,03:19:00,03:19:00,05:19:00,13:19:00,14:15:00,14:15:00,18:15:00,18:15:00,22:05:00,22:05:00,23:15:00,23:15:00,0,0
2019-11-19,03:19:00,03:19:00,05:19:00,13:19:00,14:15:00,14:15:00,18:15:00,18:15:00,22:05:00,22:05:00,23:15:00,23:15:00,0,0
2019-11-20,03:19:00,03:19:00,05:19:00,13:19:00,14:15:00,14:15:00,18:15:00,18:15:00,22:05:00,22:05:00,23:15:00,23:15:00,0,0
2019-11-21,03:19:00,03:19:00,05:19:00,13:19:00,14:15:00,14:15:00,18:15:00,18:15:00,22:05:00,22:05:00,23:15:00,23:15:00,0,0
2019-11-22,03:19:00,03:19:00,05:19:00,13:19:00,14:15:00,14:15:00,18:15:00,18:15:00,22:05:00,22:05:00,23:15:00,23:15:00,0,0
2019-11-23,03:19:00,03:19:00,05:19:00,13:19:00,14:15:00,14:15:00,18:15:00,18:15:00,22:05:00,22:05:00,23:15:00,23:15:00,0,0
2019-11-24,03:19:00,03:19:00,05:19:00,13:19:00,14:15:00,14:15:00,18:15:00,18:15:00,22:05:00,22:05:00,23:15:00,23:15:00,0,0
2019-11-25,03:19:00,03:19:00,05:19:00,13:19:00,14:15:00,14:15:00,18:15:00,18:15:00,22:05:00,22:05:00,23:15:00,23:15:00,0,0
2019-11-26,03:19:00,03:19:00,05:19:00,13:19:00,14:15:00,14:15:00,18:15:00,18:15:00,22:05:00,22:05:00,23:15:00,23:15:00,0,0
2019-11-27,03:19:00,03:19:00,05:19:00,13:19:00,14:15:00,14:15:00,18:15:00,18:15:00,22:05:00,22:05:00,23:15:00,23:15:00,0,0
2019-11-28,03:19:00,03:19:00,05:19:00,13:19:00,14:15:00,14:15:00,18:15:00,18:15:00,22:05:00,22:05:00,23:15:00,23:15:00,0,0
2019-11-29,03:19:00,03:19:00,05:19:00,13:19:00,14:15:00,14:15:00,18:15:00,18:15:00,22:05:00,22:05:00,23:15:00,23:15:00,0,0
2019-11-30,03:19:00,03:19:00,05:19:00,13:19:00,14:15:00,14:15:00,18:15:00,18:15:00,22:05:00,22:05:00,23:15:00,23:15:00,0,0
2019-12-01,03:19:00,03:19:00,05:19:00,13:19:00,14:15:00,14:15:00,18:15:00,18:15:00,22:05:00,22:05:00,23:15:00,23:15:00,0,0
2019-12-02,03:19:00,03:19:00,05:19:00,13:19:00,14:15:00,14:15:00,18:15:00,18:15:00,22:05:00,22:05:00,23:15:00,23:15:00,0,0
2019-12-03,03:19:00,03:19:00,05:19:00,13:19:00,14:15:00,14:15:00,18:15:00,18:15:00,22:05:00,22:05:00,23:15:00,23:15:00,0,0
2019-12-04,03:19:00,03:19:00,05:19:00,13:19:00,14:15:00,14:15:00,18:15:00,18:15:00,22:05:00,22:05:00,23:15:00,23:15:00,0,0
2019-12-05,03:19:00,03:19:00,05:19:00,13:19:00,14:15:00,14:15:00,18:15:00,18:15:00,22:05:00,22:05:00,23:15:00,23:15:00,0,0
2019-12-06,03:19:00,03:19:00,05:19:00,13:19:00,14:15:00,14:15:00,18:15:00,18:15:00,22:05:00,22:05:00,23:15:00,23:15:00,0,0
2019-12-07,03:19:00,03:19:00,05:19:00,13:19:00,14:15:00,14:15:00,18:15:00,18:15:00,22:05:00,22:05:00,23:15:00,23:15:00,0,0
2019-12-08,03:19:00,03:19:00,05:19:00,13:19:00,14:15:00,14:15:00,18:15:00,18:15:00,22:05:00,22:05:00,23:15:00,23:15:00,0,0
2019-12-09,03:19:00,03:19:00,05:19:00,13:19:00,14:15:00,14:15:00,18:15:00,18:15:00,22:05:00,22:05:00,23:15:00,23:15:00,0,0
2019-12-10,03:19:00,03:19:00,05:19:00,13:19:00,14:15:00,14:15:00,18:15:00,18:15:00,22:05:00,22:05:00,23:15:00,23:15:00,0,0
2019-12-11,03:19:00,03:19:00,05:19:00,13:19:00,14:15:00,14:15:00,18:15:00,18:15:00,22:05:00,22:05:00,23:15:00,23:15:00,0,0
2019-12-12,03:19:00,03:19:00,05:19:00,13:19:00,14:15:00,14:15:00,18:15:00,18:15:00,22:05:00,22:05:00,23:15:00,23:15:00,0,0
2019-12-13,03:19:00,03:19:00,05:19:00,13:19:00,14:15:00,14:15:00,18:15:00,18:15:00,22:05:00,22:05:00,23:15:00,23:15:00,0,0
2019-12-14,03:19:00,03:19:00,05:19:00,13:19:00,14:15:00,14:15:00,18:15:00,18:15:00,22:05:00,22:05:00,23:15:00,23:15:00,0,0
2019-12-15,03:19:00,03:19:00,05:19:00,13:19:00,14:15:00,14:15:00,18:15:00,18:15:00,22:05:00,22:05:00,23:15:00,23:15:00,0,0
2019-12-16,03:19:00,03:19:00,05:19:00,13:19:00,14:15:00,14:15:00,18:15:00,18:15:00,22:05:00,22:05:00,23:15:00,23:15:00,0,0
2019-12-17,03:19:00,03:19:00,05:19:00,13:19:00,14:15:00,14:15:00,18:15:00,18:15:00,22:05:00,22:05:00,23:15:00,23:15:00,0,0
2019-12-18,03:19:00,03:19:00,05:19:00,13:19:00,14:15:00,14:15:00,18:15:00,18:15:00,22:05:00,22:05:00,23:15:00,23:15:00,0,0
2019-12-19,03:19:00,03:19:00,05:19:00,13:19:00,14:15:00,14:15:00,18:15:00,18:15:00,22:05:00,22:05:00,23:15:00,23:15:00,0,0
2019-12-20,03:19:00,03:19:00,05:19:00,13:19:00,14:15:00,14:15:00,18:15:00,18:15:00,22:05:00,22:05:00,23:15:00,23:15:00,0,0
2019-12-21,03:19:00,03:19:00,05:19:00,13:19:00,14:15:00,14:15:00,18:15:00,18:15:00,22:05:00,22:05:00,23:15:00,23:15:00,0,0
2019-12-22,03:19:00,03:19:00,05:19:00,13:19:00,14:15:00,14:15:00,18:15:00,18:15:00,22:05:00,22:05:00,23:15:00,23:15:00,0,0
2019-12-23,03:19:00,03:19:00,05:19:00,13:19:00,14:15:00,14:15:00,18:15:00,18:15:00,22:05:00,22:05:00,23:15:00,23:15:00,0,0
2019-12-24,03:19:00,03:19:00,05:19:00,13:19:00,14:15:00,14:15:00,18:15:00,18:15:00,22:05:00,22:05:00,23:15:00,23:15:00,0,0
2019-12-25,03:19:00,03:19:00,05:19:00,13:19:00,14:15:00,14:15:00,18:15:00,18:15:00,22:05:00,22:05:00,23:15:00,23:15:00,0,0
2019-12-26,03:19:00,03:19:00,05:19:00,13:19:00,14:15:00,14:15:00,18:15:00,18:15:00,22:05:00,22:05:00,23:15:00,23:15:00,0,0
2019-12-27,03:19:00,03:19:00,05:19:00,13:19:00,14:15:00,14:15:00,18:15:00,18:15:00,22:05:00,22:05:00,23:15:00,23:15:00,0,0
2019-12-28,03:19:00,03:19:00,05:19:00,13:19:00,14:15:00,14:15:00,18:15:00,18:15:00,22:05:00,22:05:00,23:15:00,23:15:00,0,0
2019-12-29,03:19:00,03:19:00,05:19:00,13:19:00,14:15:00,14:15:00,18:15:00,18:15:00,22:05:00,22:05:00,23:15:00,23:15:00,0,0
2019-12-30,03:19:00,03:19:00,05:19:00,13:19:00,14:15:00,14:15:00,18:15:00,18:15:00,22:05:00,22:05:00,23:15:00,23:15:00,0,0
2019-12-31,03:19:00,03:19:00,05:19:00,13:19:00,14:15:00,14:15:00,18:15:00,18:15:00,22:05:00,22:05:00,23:15:00,23:15:00,0,0
